回應ID,受訪者,開始時間,完成時間,狀態,Q1: 您最近一週的整體情緒狀態如何？,Q2: 您最近最常感受到的情緒是什麼？,Q3: 最近讓您感到壓力的來源有哪些？（可複選）,Q3_課業或工作壓力,Q3_人際關係問題,Q3_經濟或財務壓力,Q3_家庭問題,Q3_健康問題,Q3_對未來的不確定感,Q3_時間管理困難,Q3_沒有感到壓力,Q4: 當您情緒低落時，您通常會怎麼做？,Q5: 您認為社區中哪位居民最能讓您感到安心或開心？（不能填寫自己）,Q6: 請為您目前的生活滿意度評分（1-5分，1分最低、5分最高）,Q7: 請為您最近的睡眠品質評分（1-5分，1分最低、5分最高）,Q8: 請為您感受到的社區歸屬感評分（1-5分，1分最低、5分最高）,Q9: 哪些活動能有效改善您的情緒？（可複選）,Q9_與朋友聊天,Q9_運動或散步,Q9_閱讀或學習,Q9_音樂或藝術創作,Q9_烹飪或享用美食,Q9_逛街購物,Q9_看電影或追劇,Q9_冥想或深呼吸,Q10: 您最近是否有讓您印象深刻的開心事？,Q11: 請描述一件最近讓您感到開心或難過的事情，以及它對您的影響。,Q12: 您覺得社區中的哪些人或事讓您感到溫暖？為什麼？
12e3aab0-2097-45fe-85e1-01a7d5c1a77e,小宇,2026-05-28T15:39:42.448199,2026-05-28T15:45:52.904600,已完成,還不錯，大致穩定,焦慮、緊張,"課業或工作壓力, 時間管理困難",1,0,0,0,0,0,1,0,投入工作或學習轉移注意力,小強,4,4,5,"與朋友聊天, 閱讀或學習, 烹飪或享用美食",1,0,1,0,1,0,0,0,有一些小確幸,最近讓我感到開心的事是在我們咖啡館即將舉行的週年派對上，我準備了一些新口味的咖啡和特別活動，希望能夠給顧客一個驚喜。雖然準備過程中有些緊張和忙碌，但想到大家可能會喜歡這些變化就覺得非常值得。昨天於萱和小強來的時候看到布置都說好看，這讓我更加有信心了。這種被認可的感覺很開心，也讓我不斷想要把咖啡館變得更好。,社區裡的人和事讓我感受到許多溫暖。比如說，每次我試新的咖啡豆或是調整咖啡館的擺設，小芳和小傑他們都會給我很多正面的反饋和支持，這讓我很開心。還有，最近小強問我要不要幫忙週年派對的事情，這種友誼和支持真的讓我感到很溫暖。這些細節點滴都讓我覺得自己在這裡不只是經營一家店，更是和大家共同打造了一個有愛的空間。
9eae25c6-3957-42b1-9889-5423d3abe794,小婷,2026-05-28T15:21:49.904951,2026-05-28T15:27:43.695571,已完成,還不錯，大致穩定,快樂、滿足,"課業或工作壓力, 時間管理困難",1,0,0,0,0,0,1,0,找朋友或家人傾訴,小華,5,4,5,"與朋友聊天, 運動或散步, 閱讀或學習, 音樂或藝術創作, 烹飪或享用美食, 看電影或追劇, 冥想或深呼吸",1,1,1,1,1,0,1,1,有一些小確幸,最近讓我感到特別開心的事情是兒子小傑的音樂創作進展順利。昨天晚上他跟我分享了他在霍布斯咖啡館寫的新歌，旋律非常動人，我為他的成長和才華感到驕傲。這件事讓我和家人的關係更加緊密，也讓我覺得我們家庭的支持對他來說是非常重要的。,社區裡的人們讓我感到非常溫暖。比如前幾天小明和小強分享他們的研究進展時，我感受到他們的熱情與堅韌；小龍開業的時候，大家不僅來支持他的酒吧，還主動提出許多建議，真的讓人很感動。每次小傑在創作音樂上的新嘗試，也總是讓我們全家感到驕傲。這些互動和分享，讓我覺得社區就像一個大家庭一樣溫暖。
cf4216e2-a594-4434-b321-8a646682e923,小華,2026-05-28T15:15:47.641068,2026-05-28T15:21:49.897859,已完成,還不錯，大致穩定,快樂、滿足,"課業或工作壓力, 時間管理困難",1,0,0,0,0,0,1,0,找朋友或家人傾訴,小婷,4,4,5,"與朋友聊天, 運動或散步, 閱讀或學習, 烹飪或享用美食, 看電影或追劇, 冥想或深呼吸",1,1,1,0,1,0,1,1,有一些小確幸,最近讓我感到開心的事情是兒子小傑對我說他創作時心情有些波動，我們討論了新出的冰拿鐵和自動駕駛技術的新突破。這些日常的小互動讓我感到非常溫暖和滿足。當然，工作上的一些緊急訂單也讓我不太容易休息，不過我還是享受著幫助社區居民獲得所需藥物的過程。,社區裡讓我感到溫暖的首先是家人，每晚庭瑄都會準備熱騰騰的晚餐，祺紘也會分享他的創作心情，這讓家中的氛圍總是和樂融融。還有就是每天在柳樹市場和藥店遇到的老主顧們，他們總會跟我聊聊天、說說笑話，甚至有些時候他們來買藥就只是想要有人傾訴一番。春天來臨的時候，小美也會過來找我聊些療癒的故事，這些都讓我感到非常溫暖。
b22006c8-bb98-4baa-937e-df7c7e566783,小傑,2026-05-28T15:57:56.770919,2026-05-28T16:03:53.944730,已完成,還不錯，大致穩定,快樂、滿足,"課業或工作壓力, 時間管理困難",1,0,0,0,0,0,1,0,聽音樂或看電影,小宇,5,4,5,"與朋友聊天, 運動或散步, 音樂或藝術創作, 烹飪或享用美食, 看電影或追劇",1,1,0,1,1,0,1,0,有一些小確幸,最近讓我感到開心的是春天來臨的感覺。前幾天小明告訴我校園裡的櫻花樹已經綻放了不少花朵，看起來真的非常漂亮。這讓我在忙碌的学习和創作之中找到了一些樂趣，也讓我有機會去欣賞美麗的景色，心情變得更加愉悅。這種小確幸對我的生活帶來了很大的正面影響。,社區裡有很多讓我觉得温暖的人和事。比如上個月在霍布斯咖啡館的那次音樂分享會，小宇特地為我準備了新口味的耶加雪菲，我們一起聊音樂、聊創作，那種交流真的很讓我感到溫暖。還有就是母親小婷常給我的書籍推薦和對我創作的支持，讓我知道無論遇到什麼困難都有人支持著我。這些互動都讓我覺得這個社區就像是家一樣温暖。
54016caa-967f-42d7-8bf0-3c7de42d166f,小美,2026-05-28T15:27:43.703960,2026-05-28T15:33:36.085169,已完成,有些低落或焦慮,焦慮、緊張,"課業或工作壓力, 對未來的不確定感, 時間管理困難",1,0,0,0,0,1,1,0,投入工作或學習轉移注意力,小強,4,3,4,"與朋友聊天, 運動或散步, 閱讀或學習, 烹飪或享用美食",1,1,1,0,1,0,0,0,有一些小確幸,最近讓我感到難過的事情是整理莎士比亞的資料時頭腦有些混亂。我一直在研究戲劇中的語言特徵，比較不同版本的文本，但資料太多、太細微了，有時候會讓人感覺到焦慮和頭疼。但是今天天氣很好，在公園的時候和小芳聊聊天，散散步，心情好了一些，這樣的美好時光讓我不那麼沉重。,社區裡的人和事讓我感到溫暖的地方很多。比如小宇在霍布斯咖啡館忙碌卻總不忘分享新推出的美味咖啡給我；小芳直播時的熱情，即使她自己可能還在調整狀態，但總是會問我一些生活中的點滴；還有小強，我們經常一起在圖書館討論文學和研究，他的支持和鼓勵讓我感到非常安心。這些細微卻真摯的互動讓我在繁忙的研究中找到了溫暖和力量。
7bdb2b20-0fd8-4d77-9620-6c5ac29ad444,小強,2026-05-28T15:45:52.913616,2026-05-28T15:51:56.193634,已完成,還不錯，大致穩定,快樂、滿足,"課業或工作壓力, 對未來的不確定感, 時間管理困難",1,0,0,0,0,1,1,0,投入工作或學習轉移注意力,小美,4,4,5,"與朋友聊天, 運動或散步, 閱讀或學習, 烹飪或享用美食, 看電影或追劇",1,1,1,0,1,0,1,0,有一些小確幸,最近讓我感到非常開心的是在emo學院的圖書館找到了一篇新的社會學研究文獻，這篇文獻對我正在撰寫的研究論文有很大的啟發性。那天小美也來了圖書館，我們一起討論了這個新發現，這種交流使我更加熱衷於我的研究工作。此外，在學校科技展覽會上看到的新奇事物和技術發展也讓我感興趣，覺得社會正義與科技之間的關係值得更深入探討。這些事情都給我帶來了很多積極的感受，讓我在學習中找到更多的樂趣。,社區裡的很多人和事都讓我感到溫暖。比如說，小美經常會跟我分享她看過的好書或是電影，還有我們一起去試新的咖啡店，這樣的交流讓我不單感受到友情的溫暖也豐富了我的生活。另外，小宇開心地準備派對時，我也能感受到他的熱情和社區裡將要發生的美好活動，這些都讓我覺得非常的快樂和被需要。
b634fca8-b6e5-4d2d-a8d7-b6ac04466f9d,小龍,2026-05-28T15:51:56.201713,2026-05-28T15:57:56.763687,已完成,還不錯，大致穩定,快樂、滿足,"課業或工作壓力, 時間管理困難",1,0,0,0,0,0,1,0,投入工作或學習轉移注意力,小美,4,4,5,"與朋友聊天, 運動或散步, 閱讀或學習, 音樂或藝術創作, 烹飪或享用美食, 看電影或追劇",1,1,1,1,1,0,1,0,有，而且非常開心,最近讓我感到特別開心的事情就是我的新雞尾酒「櫻花季」大受好評。這款調酒是我在看到校園裡綻放的櫻花後得到靈感調製出來的，加入了一些果香和淡淡的櫻花味。顧客們對它的反應非常熱烈，甚至有人說這是他們在這裡喝過最好喝的雞尾酒之一。這讓我感到非常高興，也更確定了我作為一名調酒師的方向。每次看到顧客開心地享受我的創作時，我總是會感到由衷的滿足和成就感。,社區裡的小美和小芳經常來我的酒吧，她們總會問候我今天好不好，這種關心讓我很溫暖。還有，每次小華經過都會開玩笑地詢問今晚有什麼特色雞尾酒，這種友誼和支持讓我感到很幸福。天氣轉暖時，大家對戶外活動和春遊的熱情也感染了我，這些都成為社區中難忘的美好回憶。
5ba9f3d2-75e5-4646-8bc4-6aa1fa6d2113,小明,2026-05-28T15:09:31.050502,2026-05-28T15:15:47.634612,已完成,有些低落或焦慮,焦慮、緊張,"課業或工作壓力, 對未來的不確定感, 時間管理困難",1,0,0,0,0,1,1,0,獨自散步或運動,小美,4,3,4,"與朋友聊天, 運動或散步, 閱讀或學習, 看電影或追劇",1,1,1,0,0,0,1,0,有一些小確幸,最近有一件讓我感到開心的事情就是看到校園裡的那棵櫻花樹綻放了不少花朵，春天真的快到了。這讓我在忙碌和壓力下的生活找到了一些安慰和美好。不過，同時我也感到了一些焦慮，因為即將到來的比赛加上緊迫的考試準備讓我有些喘不過氣，但這些開心的小事還是能讓我心情好些。,在社區裡，讓我感到最溫暖的是大家的互相支持和關心。比如說小華，我們經常在斯咖啡館相遇，他總會問我準備得如何，給我一些鼓勵；還有小龍，雖然忙碌於自己的酒吧開業準備，但仍然不忘詢問我的情況並分享跑步心得。這些細微的互動讓我感到即使在壓力下也並不孤單。
c6fa49c1-9208-4e83-a66f-6848f2200cb8,小芳,2026-05-28T15:33:36.093388,2026-05-28T15:39:42.441047,已完成,還不錯，大致穩定,快樂、滿足,"課業或工作壓力, 時間管理困難",1,0,0,0,0,0,1,0,找朋友或家人傾訴,小宇,5,4,5,"與朋友聊天, 運動或散步, 閱讀或學習, 音樂或藝術創作, 烹飪或享用美食, 看電影或追劇",1,1,1,1,1,0,1,0,有一些小確幸,最近讓我感到特別興奮的是我開始在Twitch上直播《要塞王國》，這款遊戲對我的觀眾來說非常新鮮。幾天前我還和小美聊起這個計劃，她雖然不玩這類型的遊戲，但還是很支持我。這次決定增加一些難度來刺激觀眾，他們反應不錯，我也因此更興奮地投入到直播中。這種正面回饋真的讓我很開心，感觉自己在做的事情很有意義。,社區裡很多人和事都讓我感到溫暖。比如小華和我分享物理科普書的對話，我們有共同的話題，感覺很親近。還有小傑，他總會問我音樂上的建議，這種互相交流創作靈感的感覺非常棒。當然，小宇為了讓霍布斯咖啡館變得更舒適而調整擺設和燈光，每次去都能感受到他的用心，這些細節都讓我感到很溫暖。
